Mã nhân viên,Họ và tên,Phòng ban,Chức vụ,Ngày vào công ty,Số ngày nghỉ phép còn lại
606028,Hoàng Ngọc Thảo,Phân phối,Nhân viên,3/9/2015,15
325286,Lê Thanh Phong,Kế toán,Trưởng nhóm,16/6/2018,12
609515,Phan Hữu Nga,Kế toán,Nhân viên,23/12/2024,2
893610,Phan Hữu Hương,Nhân sự,Giám đốc bộ phận,29/4/2019,7
693391,Hoàng Ngọc Vy,Kinh doanh,Giám đốc bộ phận,14/1/2021,10
193159,Phạm Ngọc Thành,Sản xuất,Quản lý,30/11/2016,5
645894,Đặng Thị Thảo,Phân phối,Nhân viên,26/7/2019,15
245101,Bùi Đức Ngân,Sản xuất,Nhân viên,2/2/2024,3
100948,Hoàng Ngọc Bình,Nhân sự,Quản lý,6/8/2021,8
696140,Trần Thị Dũng,Nhân sự,Giám sát,12/5/2023,11
787917,Đỗ Minh Nga,Nhân sự,Nhân viên,13/7/2017,3
594061,Lê Văn Hằng,Nhân sự,Trưởng nhóm,23/12/2024,14
148374,Hoàng Thị Lan,Kế toán,Trưởng nhóm,17/5/2020,7
768313,Bùi Văn Tú,Kế toán,Nhân viên,28/7/2024,8
837269,Hoàng Hữu Tú,Kinh doanh,Giám đốc bộ phận,13/5/2021,2
307258,Đặng Văn Thảo,Nhân sự,Giám đốc bộ phận,1/2/2022,2
615292,Phan Đức Nam,Phát triển sản phẩm,Quản lý,22/1/2021,8
660553,Lê Hữu Quân,Sản xuất,Quản lý,6/2/2025,3
869559,Bùi Xuân Long,Kế toán,Quản lý,27/4/2021,2
384604,Phan Thanh Tú,Kinh doanh,Trưởng nhóm,14/11/2024,8
462009,Đỗ Quốc Trang,Sản xuất,Giám sát,28/5/2023,8
201727,Phan Đức Trung,Phân phối,Giám sát,27/8/2016,7
373865,Trần Thanh Bình,Phân phối,Giám sát,19/8/2019,8
230457,Vũ Xuân Nga,Phân phối,Giám đốc bộ phận,14/10/2021,14
534408,Hoàng Đức Khánh,Nhân sự,Giám sát,29/6/2018,6
573247,Hoàng Thị Thảo,Sản xuất,Trưởng nhóm,5/7/2022,3
897564,Bùi Quốc Thảo,Kinh doanh,Trưởng nhóm,4/12/2020,12
283816,Hoàng Kim Tuấn,Phát triển sản phẩm,Giám sát,17/8/2015,3
121322,Bùi Minh Khánh,Kế toán,Nhân viên,7/6/2020,12
855512,Phạm Thị Sơn,Phân phối,Giám sát,13/1/2018,0
111777,Hoàng Xuân Nga,Phân phối,Trưởng nhóm,8/2/2021,11
870307,Hoàng Minh Thảo,Sản xuất,Quản lý,30/11/2021,8
203766,Đặng Đức Nam,Phân phối,Trưởng nhóm,12/7/2021,9
385761,Phan Thanh Hiếu,Sản xuất,Trưởng nhóm,20/7/2022,6
644069,Phạm Quốc Phong,Kế toán,Giám đốc bộ phận,17/12/2020,10
874334,Phan Xuân Sơn,Kế toán,Nhân viên,21/6/2019,10
117864,Hoàng Thanh Linh,Phân phối,Quản lý,6/1/2022,6
352398,Phạm Đức Trung,Nhân sự,Giám đốc bộ phận,23/1/2025,3
916045,Bùi Văn Linh,Phân phối,Quản lý,8/3/2021,7
586520,Bùi Thanh Thảo,Kế toán,Giám đốc bộ phận,4/9/2022,2
350676,Nguyễn Thanh Bình,Kinh doanh,Giám sát,28/1/2016,8
435403,Đặng Đức Ngân,Kế toán,Giám đốc bộ phận,9/3/2018,7
803617,Hoàng Đức Hà,Nhân sự,Quản lý,21/10/2017,1
996001,Hoàng Xuân Nga,Sản xuất,Giám sát,30/9/2019,10
680730,Lê Thanh Long,Nhân sự,Giám sát,29/6/2023,11
422700,Vũ Hữu Nga,Kinh doanh,Giám đốc bộ phận,13/5/2022,1
903474,Hoàng Đức An,Kế toán,Trưởng nhóm,14/4/2019,0
285909,Hoàng Văn Khánh,Sản xuất,Trưởng nhóm,21/1/2021,4
824487,Nguyễn Hữu Trang,Phân phối,Giám sát,11/11/2018,4
662480,Đỗ Đức Thảo,Kinh doanh,Trưởng nhóm,26/1/2016,3
681380,Vũ Ngọc Vy,Nhân sự,Giám đốc bộ phận,31/8/2015,15
361953,Lê Quốc Khánh,Phát triển sản phẩm,Quản lý,11/1/2021,5
472653,Phan Ngọc Thảo,Phân phối,Nhân viên,4/2/2019,8
447110,Phan Thị Ngân,Phân phối,Trưởng nhóm,25/11/2018,11
273270,Hoàng Minh Hằng,Kế toán,Quản lý,16/3/2021,4
884426,Đặng Kim Ngân,Kinh doanh,Giám sát,29/11/2019,15
405688,Hoàng Thanh Thảo,Kế toán,Trưởng nhóm,23/4/2019,1
462555,Bùi Văn Trang,Kế toán,Giám sát,24/9/2018,14
546212,Đỗ Thanh Tú,Nhân sự,Quản lý,17/8/2015,11
495824,Phan Kim Sơn,Phát triển sản phẩm,Trưởng nhóm,16/12/2020,10
282680,Phan Ngọc Lan,Phát triển sản phẩm,Nhân viên,8/2/2018,13
937733,Đỗ Thị Nam,Kế toán,Nhân viên,21/1/2020,15
399958,Vũ Xuân Hải,Phân phối,Trưởng nhóm,1/6/2023,15
478792,Vũ Thanh Thảo,Sản xuất,Nhân viên,17/2/2024,2
131990,Vũ Xuân An,Phân phối,Quản lý,9/3/2020,8
638359,Bùi Minh Yến,Kế toán,Trưởng nhóm,10/5/2024,3
965702,Hoàng Hữu Tú,Phân phối,Quản lý,24/1/2022,4
886932,Hoàng Xuân Hải,Sản xuất,Trưởng nhóm,15/11/2019,11
595715,Bùi Thanh Châu,Kinh doanh,Trưởng nhóm,28/8/2024,11
667297,Bùi Thanh Trung,Phát triển sản phẩm,Quản lý,3/10/2017,7
646428,Lê Thanh Quân,Kế toán,Giám đốc bộ phận,8/9/2022,5
605727,Vũ Hữu Quân,Kế toán,Trưởng nhóm,26/8/2016,3
472823,Bùi Thị Nga,Kinh doanh,Trưởng nhóm,16/5/2020,13
491713,Đặng Hữu Ngân,Nhân sự,Giám sát,5/11/2022,11
986543,Bùi Thanh Tuấn,Phát triển sản phẩm,Giám đốc bộ phận,17/8/2022,3
560788,Phan Minh Long,Phân phối,Quản lý,5/7/2016,5
453420,Trần Xuân Thảo,Kế toán,Nhân viên,5/2/2017,13
881236,Vũ Kim Thành,Phân phối,Quản lý,13/11/2024,9
558057,Lê Quốc Long,Phát triển sản phẩm,Quản lý,21/8/2022,6
719138,Hoàng Thị Lan,Nhân sự,Giám sát,15/5/2024,4
670793,Nguyễn Quốc Nga,Phân phối,Quản lý,7/9/2022,8
372911,Lê Kim Khánh,Sản xuất,Trưởng nhóm,21/11/2018,10
525659,Phạm Thị Trung,Phát triển sản phẩm,Trưởng nhóm,13/6/2023,13
396688,Nguyễn Kim Thảo,Phát triển sản phẩm,Nhân viên,13/11/2020,10
712515,Đặng Hữu Nga,Nhân sự,Trưởng nhóm,23/7/2023,12
250116,Nguyễn Kim Hiếu,Kinh doanh,Trưởng nhóm,5/6/2023,12
967544,Đặng Văn Lan,Sản xuất,Trưởng nhóm,25/6/2022,13
535083,Hoàng Thị Hương,Kinh doanh,Quản lý,9/4/2025,14
733168,Vũ Minh Tâm,Kinh doanh,Giám đốc bộ phận,16/12/2017,15
874724,Phan Quốc Long,Phát triển sản phẩm,Giám đốc bộ phận,21/5/2019,12
670562,Hoàng Văn An,Kinh doanh,Nhân viên,19/12/2024,10
560553,Bùi Minh Hải,Phân phối,Giám đốc bộ phận,4/2/2020,10
970793,Trần Kim Trang,Nhân sự,Giám sát,21/8/2016,1
391363,Phạm Đức Dũng,Kế toán,Nhân viên,10/1/2024,8
128159,Đặng Đức Linh,Nhân sự,Giám sát,17/11/2020,11
458786,Nguyễn Thanh Lan,Kinh doanh,Trưởng nhóm,3/2/2018,9
236060,Trần Kim Thành,Kinh doanh,Trưởng nhóm,21/12/2019,10
791123,Đặng Xuân Tâm,Phân phối,Giám đốc bộ phận,10/5/2020,15
174071,Đỗ Minh Hằng,Phát triển sản phẩm,Trưởng nhóm,13/8/2024,7
549136,Vũ Quốc Yến,Phát triển sản phẩm,Trưởng nhóm,7/3/2020,14
108438,Đỗ Minh Thảo,Phát triển sản phẩm,Nhân viên,1/8/2018,10
613345,Đỗ Thị Yến,Sản xuất,Giám sát,16/2/2016,5
633076,Vũ Đức Thảo,Sản xuất,Giám sát,23/1/2018,3
575899,Nguyễn Văn Lan,Kinh doanh,Giám đốc bộ phận,16/11/2017,2
674589,Vũ Hữu Thành,Kế toán,Quản lý,20/7/2017,15
149103,Phan Đức Quân,Kế toán,Nhân viên,18/10/2022,10
880517,Bùi Xuân Sơn,Phát triển sản phẩm,Giám sát,8/5/2022,5
619520,Bùi Minh Nam,Phát triển sản phẩm,Giám sát,15/8/2017,0
330978,Nguyễn Minh Hiếu,Sản xuất,Nhân viên,21/4/2022,12
194063,Vũ Thanh Long,Nhân sự,Giám đốc bộ phận,20/3/2018,5
717839,Đỗ Quốc Linh,Phát triển sản phẩm,Trưởng nhóm,9/12/2020,10
332618,Bùi Ngọc Hải,Kinh doanh,Nhân viên,1/5/2016,15
566109,Đỗ Xuân Hằng,Sản xuất,Giám đốc bộ phận,6/5/2020,13
605445,Phan Thanh Hương,Kế toán,Quản lý,21/11/2015,13
385087,Vũ Kim Sơn,Nhân sự,Giám đốc bộ phận,22/4/2016,14
560348,Vũ Quốc Lan,Phân phối,Trưởng nhóm,11/9/2018,2
992080,Trần Văn Hiếu,Phát triển sản phẩm,Giám sát,22/12/2024,14
363380,Đặng Ngọc Hương,Phân phối,Giám đốc bộ phận,11/12/2021,3
783395,Vũ Quốc Vy,Phát triển sản phẩm,Quản lý,31/1/2018,8
702591,Nguyễn Thanh Tú,Kinh doanh,Giám sát,23/2/2025,4
372866,Hoàng Hữu Linh,Phân phối,Nhân viên,8/5/2018,9
619067,Hoàng Minh Ngân,Nhân sự,Quản lý,10/3/2025,11
126749,Hoàng Xuân Lan,Nhân sự,Trưởng nhóm,24/3/2019,1
584913,Đặng Xuân Vy,Kinh doanh,Quản lý,4/9/2024,9
970525,Đỗ Thanh Nam,Phân phối,Nhân viên,1/10/2018,12
614999,Lê Minh Hương,Kinh doanh,Giám đốc bộ phận,16/1/2021,11
345676,Đặng Quốc Thảo,Kế toán,Giám sát,14/8/2016,10
622520,Hoàng Thanh Thảo,Phân phối,Trưởng nhóm,12/4/2019,7
275668,Trần Xuân Yến,Phát triển sản phẩm,Nhân viên,16/7/2024,7
110489,Nguyễn Kim Hằng,Kinh doanh,Quản lý,17/9/2018,2
406022,Vũ Quốc Hải,Kinh doanh,Nhân viên,2/8/2017,6
398101,Trần Xuân Tâm,Phân phối,Nhân viên,25/12/2020,6
628265,Phan Ngọc Hải,Kinh doanh,Quản lý,6/4/2017,0
386017,Bùi Đức An,Kế toán,Trưởng nhóm,20/5/2016,6
465933,Phan Minh Tú,Kinh doanh,Giám đốc bộ phận,2/2/2020,2
120213,Đặng Xuân Quân,Sản xuất,Giám đốc bộ phận,13/10/2020,15
479878,Phạm Văn Trung,Phân phối,Nhân viên,10/1/2019,7
923789,Đặng Đức Tâm,Kinh doanh,Trưởng nhóm,7/1/2022,11
720651,Phạm Kim Hải,Kế toán,Trưởng nhóm,30/5/2016,4
781692,Trần Hữu Lan,Kinh doanh,Giám sát,20/7/2017,5
868038,Nguyễn Minh Tuấn,Sản xuất,Quản lý,8/11/2023,8
968515,Vũ Thị Thảo,Phát triển sản phẩm,Nhân viên,30/8/2023,11
901198,Phạm Thanh Hà,Kinh doanh,Quản lý,30/10/2016,5
250650,Đỗ Thị Vy,Sản xuất,Nhân viên,17/5/2021,14
283152,Hoàng Hữu Châu,Phát triển sản phẩm,Nhân viên,29/3/2019,5
527353,Lê Ngọc Quân,Nhân sự,Giám đốc bộ phận,8/1/2023,0
311559,Trần Kim Hà,Phân phối,Trưởng nhóm,30/11/2020,4
865900,Hoàng Xuân Thảo,Kinh doanh,Giám sát,28/7/2015,0
399079,Trần Thanh Lan,Nhân sự,Giám sát,8/12/2016,5
743233,Đỗ Thanh Sơn,Nhân sự,Giám sát,12/2/2020,8
840231,Phan Thị An,Phân phối,Giám đốc bộ phận,24/12/2017,1
137817,Phạm Kim Vy,Phân phối,Giám sát,22/4/2017,5
655893,Đỗ Thanh Tâm,Nhân sự,Quản lý,15/11/2022,4
697988,Trần Thị An,Phân phối,Giám sát,30/11/2015,5
465427,Đặng Đức Vy,Phát triển sản phẩm,Quản lý,28/6/2022,1
237385,Hoàng Ngọc Tâm,Phát triển sản phẩm,Giám sát,15/5/2016,5
526907,Đặng Quốc Ngân,Phân phối,Trưởng nhóm,4/12/2016,3
335876,Hoàng Quốc Thảo,Phát triển sản phẩm,Giám sát,30/5/2024,2
697991,Lê Ngọc Trang,Phát triển sản phẩm,Giám sát,24/1/2023,7
211923,Phạm Minh Thảo,Phát triển sản phẩm,Nhân viên,30/5/2021,11
210388,Hoàng Quốc Lan,Phát triển sản phẩm,Trưởng nhóm,20/3/2017,4
602549,Đỗ Đức Ngân,Phát triển sản phẩm,Giám đốc bộ phận,24/6/2016,15
480598,Phan Ngọc Sơn,Phát triển sản phẩm,Nhân viên,6/5/2018,1
740519,Phạm Xuân Hương,Sản xuất,Trưởng nhóm,21/5/2025,11
939308,Nguyễn Xuân Châu,Phát triển sản phẩm,Quản lý,23/10/2024,13
681350,Phan Xuân Hằng,Kế toán,Giám đốc bộ phận,1/1/2023,9
301223,Hoàng Minh Phong,Phân phối,Giám sát,18/6/2024,15
354117,Vũ Thị Khánh,Nhân sự,Nhân viên,2/1/2021,9
389980,Đặng Thanh Trang,Phát triển sản phẩm,Giám sát,5/4/2024,6
137597,Đặng Xuân Trang,Phát triển sản phẩm,Nhân viên,1/3/2023,10
386994,Nguyễn Hữu Phong,Nhân sự,Giám đốc bộ phận,9/10/2021,11
595833,Đặng Quốc Dũng,Nhân sự,Giám đốc bộ phận,13/9/2018,5
360338,Trần Đức Lan,Kế toán,Giám sát,2/4/2025,3
909279,Đỗ Quốc Thảo,Kế toán,Giám đốc bộ phận,26/8/2022,2
639131,Lê Thị Hiếu,Kế toán,Quản lý,28/7/2015,0
152227,Vũ Ngọc Quân,Kinh doanh,Giám đốc bộ phận,22/3/2024,7
114273,Đặng Thị Sơn,Kế toán,Giám sát,11/5/2025,11
464797,Hoàng Thanh Tâm,Kế toán,Nhân viên,12/3/2022,13
878193,Nguyễn Thanh Thảo,Phân phối,Giám đốc bộ phận,9/6/2021,15
637875,Trần Ngọc Trang,Sản xuất,Nhân viên,14/7/2015,13
976217,Hoàng Kim Hải,Sản xuất,Nhân viên,21/12/2019,4
997206,Bùi Thị Nam,Sản xuất,Quản lý,26/1/2017,2
345581,Phan Thanh Hà,Sản xuất,Nhân viên,26/8/2015,5
626505,Nguyễn Đức Lan,Phát triển sản phẩm,Trưởng nhóm,23/12/2021,7
453716,Phạm Ngọc Dũng,Kinh doanh,Trưởng nhóm,29/3/2023,10
788697,Bùi Ngọc Lan,Nhân sự,Nhân viên,10/11/2020,8
345131,Lê Ngọc Khánh,Sản xuất,Giám sát,21/6/2024,4
852289,Nguyễn Minh Thảo,Kế toán,Nhân viên,2/4/2018,15
904053,Hoàng Xuân Hà,Kinh doanh,Trưởng nhóm,24/8/2021,13
539081,Trần Thị Bình,Kế toán,Quản lý,5/10/2024,1
754879,Bùi Kim Châu,Sản xuất,Quản lý,24/7/2024,3
153382,Đỗ Ngọc Nga,Sản xuất,Quản lý,20/1/2024,4
407798,Bùi Hữu Thảo,Kế toán,Trưởng nhóm,14/9/2015,15
111954,Bùi Đức Tâm,Kinh doanh,Nhân viên,12/4/2025,7
207955,Phan Quốc Yến,Phân phối,Quản lý,6/5/2019,4
254020,Đỗ Đức Thảo,Sản xuất,Quản lý,8/6/2019,1
657513,Bùi Xuân Dũng,Phân phối,Nhân viên,13/8/2016,6
832674,Phạm Đức Tú,Nhân sự,Trưởng nhóm,26/6/2016,10
398009,Hoàng Xuân Trung,Sản xuất,Giám đốc bộ phận,19/5/2017,15
146138,Hoàng Quốc Trung,Sản xuất,Quản lý,7/8/2016,8
684201,Phạm Xuân Trung,Phát triển sản phẩm,Trưởng nhóm,27/5/2022,0
465705,Bùi Minh Nga,Phát triển sản phẩm,Quản lý,6/1/2024,14
953981,Bùi Xuân Yến,Sản xuất,Nhân viên,24/1/2021,10
841595,Trần Đức Nam,Kế toán,Nhân viên,9/2/2018,11
611376,Lê Kim Yến,Kinh doanh,Trưởng nhóm,8/5/2022,14
164243,Vũ Kim Thảo,Kế toán,Nhân viên,4/12/2022,1
537388,Lê Quốc Hằng,Sản xuất,Quản lý,23/7/2021,5
664215,Vũ Hữu Trung,Kế toán,Giám sát,27/10/2018,0
135801,Vũ Minh Thành,Phát triển sản phẩm,Giám sát,10/6/2024,8
963950,Trần Thanh Phong,Kế toán,Trưởng nhóm,18/8/2019,1
302947,Đỗ Thị Quân,Kinh doanh,Quản lý,31/8/2019,13
639364,Phạm Quốc Thảo,Sản xuất,Giám đốc bộ phận,16/1/2024,3
298301,Phan Xuân Trung,Kinh doanh,Quản lý,6/1/2022,4
780530,Vũ Ngọc Dũng,Phân phối,Trưởng nhóm,13/7/2024,12
518186,Phạm Ngọc Hằng,Nhân sự,Trưởng nhóm,3/3/2022,5
172088,Bùi Quốc Hà,Phân phối,Trưởng nhóm,23/9/2020,8
161214,Đỗ Xuân Phong,Kinh doanh,Giám sát,20/7/2015,0
260973,Phan Xuân Hà,Nhân sự,Giám đốc bộ phận,25/11/2024,8
187531,Đặng Quốc Tâm,Kinh doanh,Giám đốc bộ phận,7/9/2019,0
644747,Bùi Xuân Hà,Phát triển sản phẩm,Nhân viên,10/1/2016,6
647279,Trần Đức Ngân,Nhân sự,Nhân viên,14/3/2019,2
185038,Bùi Ngọc Yến,Kế toán,Nhân viên,22/5/2024,11
872289,Vũ Hữu Tâm,Nhân sự,Giám sát,11/3/2023,11
378727,Trần Xuân Phong,Phân phối,Giám đốc bộ phận,17/2/2021,0
105803,Nguyễn Minh Bình,Kế toán,Trưởng nhóm,2/9/2023,15
107757,Đỗ Minh Lan,Kế toán,Nhân viên,9/10/2018,0
150542,Trần Văn Hiếu,Nhân sự,Quản lý,19/6/2016,5
784015,Phan Kim Long,Nhân sự,Giám sát,3/3/2019,3
787233,Phạm Thị Hoa,Phân phối,Nhân viên,18/9/2017,12
969332,Phạm Kim Thảo,Phân phối,Nhân viên,27/5/2023,2
842110,Đặng Đức Thành,Nhân sự,Nhân viên,12/1/2025,9
320463,Nguyễn Hữu Thảo,Nhân sự,Giám đốc bộ phận,13/2/2025,3
709002,Bùi Minh Linh,Kế toán,Trưởng nhóm,20/7/2015,6
228689,Phạm Thanh Hiếu,Nhân sự,Nhân viên,29/12/2020,6
720534,Nguyễn Thị Trung,Phát triển sản phẩm,Nhân viên,9/12/2020,8
272100,Đỗ Thanh Long,Phát triển sản phẩm,Nhân viên,10/6/2019,13
591585,Lê Minh Phong,Sản xuất,Trưởng nhóm,6/11/2021,10
659920,Nguyễn Thanh Khánh,Kinh doanh,Trưởng nhóm,17/3/2021,2
663664,Nguyễn Minh Long,Sản xuất,Giám đốc bộ phận,2/10/2017,9
282878,Nguyễn Minh Hoa,Sản xuất,Trưởng nhóm,31/8/2023,0
367420,Vũ Văn Yến,Kế toán,Giám đốc bộ phận,22/4/2024,8
429382,Hoàng Đức Trang,Phát triển sản phẩm,Trưởng nhóm,7/11/2023,5
663717,Hoàng Thị Khánh,Sản xuất,Giám sát,10/2/2016,4
416012,Đặng Thị Lan,Sản xuất,Trưởng nhóm,13/7/2015,1
701533,Nguyễn Thị Thành,Sản xuất,Nhân viên,15/5/2018,13
250481,Đặng Xuân Bình,Nhân sự,Quản lý,17/7/2016,1
570818,Phạm Minh Tâm,Kinh doanh,Nhân viên,31/1/2021,7
266958,Đặng Quốc Hải,Phát triển sản phẩm,Quản lý,6/6/2023,3
373443,Hoàng Hữu Tâm,Phát triển sản phẩm,Quản lý,6/6/2019,12
982141,Lê Ngọc Lan,Nhân sự,Quản lý,25/5/2018,11
988815,Trần Ngọc Quân,Phát triển sản phẩm,Trưởng nhóm,13/2/2018,2
402001,Phan Đức Yến,Phân phối,Trưởng nhóm,4/3/2023,14
102265,Vũ Đức Yến,Sản xuất,Giám sát,11/5/2023,9
699957,Trần Đức Hương,Nhân sự,Giám đốc bộ phận,24/8/2021,15
736653,Lê Quốc Khánh,Sản xuất,Nhân viên,15/9/2015,15
161780,Nguyễn Văn Phong,Nhân sự,Giám sát,5/2/2024,3
255308,Trần Hữu Yến,Nhân sự,Giám sát,8/8/2023,15
913728,Đỗ Kim Quân,Kế toán,Giám đốc bộ phận,5/7/2021,4
895988,Đỗ Ngọc Ngân,Sản xuất,Trưởng nhóm,31/12/2016,14
888586,Nguyễn Hữu Thảo,Sản xuất,Quản lý,15/4/2024,7
830022,Bùi Thị Thành,Phát triển sản phẩm,Nhân viên,20/2/2019,4
663095,Lê Ngọc Hoa,Kinh doanh,Nhân viên,4/4/2023,5
480156,Phan Ngọc Thành,Kế toán,Trưởng nhóm,9/4/2022,12
833737,Đặng Kim Thảo,Phân phối,Trưởng nhóm,22/7/2016,7
971492,Nguyễn Thị Khánh,Kế toán,Trưởng nhóm,7/11/2020,12
285319,Bùi Xuân Linh,Phát triển sản phẩm,Trưởng nhóm,4/12/2016,12
702284,Vũ Kim Hà,Kế toán,Giám đốc bộ phận,19/2/2021,14
939785,Vũ Văn Nga,Phân phối,Nhân viên,29/4/2023,14
340241,Bùi Hữu Hải,Sản xuất,Trưởng nhóm,8/7/2022,12
449621,Phạm Quốc Thảo,Sản xuất,Giám đốc bộ phận,11/2/2024,8
873725,Bùi Kim Linh,Sản xuất,Trưởng nhóm,12/10/2019,0
372739,Phạm Minh Tâm,Phát triển sản phẩm,Trưởng nhóm,30/6/2022,2
262467,Đặng Thị Lan,Phân phối,Trưởng nhóm,28/12/2021,5
301358,Hoàng Quốc Tuấn,Phát triển sản phẩm,Trưởng nhóm,26/7/2023,1
719238,Phan Minh Hương,Nhân sự,Giám sát,18/9/2019,13
883343,Đặng Thanh Lan,Phân phối,Nhân viên,27/1/2021,2
663162,Nguyễn Văn Trang,Nhân sự,Nhân viên,20/2/2018,5
266816,Vũ Thanh Lan,Phát triển sản phẩm,Giám sát,9/4/2021,14
800728,Trần Hữu Trang,Nhân sự,Trưởng nhóm,23/6/2020,9
832569,Bùi Quốc Nam,Nhân sự,Giám sát,18/12/2015,12
766803,Phan Ngọc Lan,Sản xuất,Giám đốc bộ phận,16/9/2016,6
132306,Nguyễn Đức Long,Nhân sự,Trưởng nhóm,22/12/2024,5
478152,Trần Quốc Hương,Sản xuất,Giám đốc bộ phận,20/11/2015,1
503924,Bùi Minh Thành,Nhân sự,Nhân viên,28/11/2019,13
219215,Hoàng Thanh Tuấn,Phát triển sản phẩm,Quản lý,18/12/2023,1
683757,Lê Xuân Trang,Nhân sự,Quản lý,22/1/2021,9
174967,Đặng Minh Trang,Phát triển sản phẩm,Giám sát,16/6/2024,3
280088,Trần Minh Trang,Nhân sự,Giám đốc bộ phận,27/4/2025,1
278533,Trần Hữu Nga,Sản xuất,Giám đốc bộ phận,22/12/2021,1
930752,Trần Kim Thảo,Kinh doanh,Giám sát,23/10/2015,11
476949,Vũ Thị Thảo,Phân phối,Trưởng nhóm,5/11/2021,4
828763,Phạm Kim Châu,Phân phối,Nhân viên,3/8/2023,1
332270,Lê Hữu Thành,Kế toán,Giám đốc bộ phận,2/6/2020,13
293983,Vũ Ngọc Hương,Kinh doanh,Nhân viên,2/6/2020,9
761052,Phạm Ngọc Tuấn,Sản xuất,Nhân viên,27/11/2023,4
533032,Phạm Hữu Tâm,Nhân sự,Trưởng nhóm,7/9/2023,7
394567,Hoàng Kim Linh,Phân phối,Trưởng nhóm,12/12/2019,15
358852,Đỗ Kim Hương,Kế toán,Trưởng nhóm,29/9/2022,4
266115,Nguyễn Thị Tú,Phát triển sản phẩm,Quản lý,1/4/2019,7
215312,Bùi Thị Linh,Kế toán,Giám sát,12/10/2018,11
157029,Hoàng Kim Tâm,Sản xuất,Giám sát,22/9/2019,1
251500,Lê Xuân Tâm,Phát triển sản phẩm,Giám sát,15/2/2020,1
607722,Đặng Hữu Lan,Nhân sự,Giám sát,7/10/2019,2
523111,Đặng Thanh Dũng,Phát triển sản phẩm,Trưởng nhóm,17/11/2016,11
596294,Lê Thanh Thành,Kinh doanh,Giám đốc bộ phận,15/5/2022,10
901285,Lê Văn An,Phân phối,Quản lý,21/4/2017,0
992891,Đỗ Đức Lan,Nhân sự,Quản lý,30/10/2020,4
535683,Phan Đức Phong,Phát triển sản phẩm,Quản lý,29/12/2018,5
168307,Vũ Đức Thảo,Phát triển sản phẩm,Giám đốc bộ phận,5/4/2025,9
663969,Đặng Đức Phong,Nhân sự,Nhân viên,3/4/2020,4
184017,Phạm Thanh Hoa,Kinh doanh,Giám sát,12/11/2023,6
776718,Bùi Xuân Bình,Kinh doanh,Nhân viên,11/3/2020,10
449898,Đặng Xuân Thảo,Kế toán,Quản lý,4/6/2022,11
364864,Nguyễn Hữu Sơn,Kế toán,Giám đốc bộ phận,15/8/2015,4
860587,Vũ Ngọc Hà,Nhân sự,Quản lý,21/3/2021,6
352100,Hoàng Thị Long,Kinh doanh,Nhân viên,19/7/2023,7
791009,Vũ Đức Hoa,Nhân sự,Trưởng nhóm,29/1/2020,6
757478,Vũ Xuân Trang,Phân phối,Giám sát,28/3/2016,10
697964,Trần Thị Ngân,Kế toán,Quản lý,26/6/2020,9
895701,Lê Thanh Phong,Sản xuất,Giám sát,12/2/2020,2
348844,Vũ Quốc Long,Kế toán,Trưởng nhóm,14/3/2023,10
953191,Lê Xuân An,Kế toán,Nhân viên,28/12/2022,5
559005,Hoàng Đức Hải,Phát triển sản phẩm,Nhân viên,29/10/2019,15
990138,Vũ Hữu Châu,Kế toán,Trưởng nhóm,22/5/2021,7
215001,Hoàng Kim Khánh,Phát triển sản phẩm,Nhân viên,23/1/2016,10
795819,Bùi Văn Nam,Phân phối,Quản lý,14/9/2018,4
651771,Phan Ngọc Phong,Kinh doanh,Trưởng nhóm,10/12/2015,2
589057,Bùi Minh Long,Kinh doanh,Giám sát,23/10/2019,0
454182,Đỗ Đức Lan,Nhân sự,Giám sát,20/6/2019,0
554452,Vũ Kim Ngân,Sản xuất,Quản lý,20/11/2015,1
217520,Phan Quốc An,Kế toán,Quản lý,5/10/2018,9
870978,Lê Đức Thảo,Phát triển sản phẩm,Nhân viên,20/11/2020,13
668800,Đặng Xuân Sơn,Phát triển sản phẩm,Nhân viên,25/12/2017,4
534772,Trần Quốc Phong,Sản xuất,Giám đốc bộ phận,16/9/2015,6
507198,Phạm Hữu Tuấn,Kinh doanh,Giám đốc bộ phận,27/7/2018,7
705035,Nguyễn Xuân Vy,Sản xuất,Giám sát,26/5/2017,10
481292,Lê Thanh Ngân,Kinh doanh,Quản lý,5/2/2021,15
201730,Bùi Đức Yến,Kinh doanh,Giám đốc bộ phận,2/6/2018,14
347123,Đặng Kim Linh,Nhân sự,Trưởng nhóm,13/4/2020,10
851431,Vũ Văn Yến,Sản xuất,Quản lý,10/7/2019,5
814064,Hoàng Kim Hương,Phân phối,Giám đốc bộ phận,29/11/2023,4
351979,Đỗ Ngọc Linh,Phát triển sản phẩm,Giám đốc bộ phận,24/10/2016,6
933865,Nguyễn Văn Long,Nhân sự,Quản lý,10/4/2021,12
396623,Hoàng Đức Tuấn,Sản xuất,Giám sát,29/5/2025,3
212882,Nguyễn Thanh Ngân,Kinh doanh,Trưởng nhóm,30/3/2018,13
469501,Đỗ Kim Thảo,Phát triển sản phẩm,Quản lý,15/11/2015,13
413716,Nguyễn Văn Hằng,Kế toán,Giám sát,26/1/2019,5
513813,Đỗ Kim Sơn,Phát triển sản phẩm,Giám đốc bộ phận,24/1/2021,14
957023,Trần Ngọc Sơn,Nhân sự,Trưởng nhóm,24/11/2016,3
908261,Vũ Văn Lan,Phát triển sản phẩm,Quản lý,7/4/2022,15
472486,Đỗ Quốc Nga,Kế toán,Nhân viên,25/2/2016,14
793049,Bùi Minh Thảo,Kế toán,Trưởng nhóm,23/12/2020,9
942995,Hoàng Xuân Phong,Sản xuất,Quản lý,27/7/2023,11
648069,Vũ Xuân Bình,Phát triển sản phẩm,Quản lý,7/12/2018,7
746023,Trần Minh Nga,Sản xuất,Trưởng nhóm,29/1/2018,9
372366,Nguyễn Thanh Khánh,Phát triển sản phẩm,Giám sát,17/5/2021,5
217564,Trần Thanh Thảo,Sản xuất,Giám sát,11/10/2021,14
130682,Đặng Kim Bình,Kế toán,Nhân viên,5/11/2015,1
487508,Nguyễn Ngọc Nga,Kinh doanh,Giám đốc bộ phận,1/12/2015,12
649963,Bùi Văn Bình,Sản xuất,Trưởng nhóm,25/10/2022,4
146118,Phạm Hữu Bình,Phát triển sản phẩm,Giám đốc bộ phận,23/6/2022,7
721619,Vũ Văn Khánh,Nhân sự,Giám sát,16/9/2020,3
437824,Nguyễn Ngọc Hiếu,Kinh doanh,Nhân viên,11/7/2023,8
489653,Nguyễn Đức Linh,Phân phối,Giám đốc bộ phận,6/6/2017,11
507090,Vũ Minh Hải,Kinh doanh,Nhân viên,24/10/2016,12
579078,Lê Hữu Châu,Phát triển sản phẩm,Giám sát,15/4/2022,2
313930,Bùi Ngọc Trung,Kế toán,Giám sát,4/12/2022,12
608318,Vũ Kim Trung,Phát triển sản phẩm,Quản lý,9/1/2022,11
372048,Bùi Đức Quân,Kinh doanh,Trưởng nhóm,7/12/2024,12
258194,Vũ Kim Bình,Phát triển sản phẩm,Nhân viên,1/10/2022,6
638670,Đặng Văn Trung,Nhân sự,Giám sát,28/2/2023,11
762463,Vũ Thị Phong,Nhân sự,Nhân viên,26/8/2015,7
316735,Nguyễn Minh Châu,Phân phối,Giám sát,11/10/2017,0
133536,Nguyễn Thị Nga,Phát triển sản phẩm,Giám sát,15/9/2023,4
593849,Đỗ Thanh An,Sản xuất,Quản lý,19/7/2022,1
996771,Lê Quốc Tú,Phát triển sản phẩm,Trưởng nhóm,24/7/2023,8
321744,Đặng Đức Lan,Kế toán,Trưởng nhóm,21/2/2018,15
583799,Lê Thanh Sơn,Nhân sự,Quản lý,3/12/2021,8
369088,Vũ Hữu Linh,Nhân sự,Trưởng nhóm,22/7/2015,14
777759,Nguyễn Minh Hải,Nhân sự,Quản lý,26/2/2018,0
102185,Vũ Minh Hằng,Sản xuất,Giám sát,29/10/2024,13
255154,Trần Thị Phong,Nhân sự,Quản lý,17/10/2019,10
553933,Trần Minh Tâm,Kinh doanh,Giám sát,17/5/2024,5
724234,Hoàng Minh Quân,Kế toán,Nhân viên,21/2/2022,2
401155,Hoàng Thanh Ngân,Kinh doanh,Giám đốc bộ phận,25/2/2023,6
998599,Nguyễn Xuân Thảo,Phát triển sản phẩm,Trưởng nhóm,9/6/2017,4
808437,Hoàng Đức Quân,Sản xuất,Quản lý,15/5/2022,8
255697,Lê Ngọc Hải,Sản xuất,Trưởng nhóm,27/3/2020,10
800209,Bùi Thị Phong,Kế toán,Trưởng nhóm,18/7/2015,2
107774,Lê Kim Hoa,Phát triển sản phẩm,Giám sát,13/12/2016,8
543917,Đặng Kim Hoa,Phát triển sản phẩm,Giám đốc bộ phận,25/12/2018,7
629267,Trần Văn Hương,Phân phối,Giám sát,20/3/2018,9
222510,Đỗ Kim Linh,Phân phối,Giám đốc bộ phận,9/12/2017,14
433312,Bùi Kim Hương,Phát triển sản phẩm,Giám đốc bộ phận,17/12/2021,0
435816,Phan Hữu Khánh,Kế toán,Giám đốc bộ phận,9/12/2023,6
951993,Hoàng Thanh Hiếu,Sản xuất,Giám sát,23/10/2021,12
136525,Lê Quốc Sơn,Phát triển sản phẩm,Nhân viên,27/12/2016,8
921470,Phan Thanh Quân,Kế toán,Nhân viên,25/2/2023,15
815622,Vũ Minh Châu,Kế toán,Nhân viên,2/4/2022,15
101179,Bùi Hữu Hoa,Sản xuất,Quản lý,20/1/2017,0
951258,Phạm Thanh Lan,Sản xuất,Trưởng nhóm,20/7/2023,12
528539,Đặng Thị Nga,Nhân sự,Giám sát,20/3/2017,14
394041,Phan Hữu Nam,Kế toán,Giám sát,16/6/2023,12
957155,Phan Minh Hằng,Phát triển sản phẩm,Quản lý,26/8/2020,5
265898,Phan Thanh Hằng,Nhân sự,Trưởng nhóm,1/6/2024,6
540543,Trần Thị Tuấn,Nhân sự,Nhân viên,1/3/2020,0
296467,Phan Quốc Yến,Nhân sự,Quản lý,2/3/2025,11
314133,Phan Kim Châu,Nhân sự,Giám đốc bộ phận,12/12/2020,7
396581,Vũ Ngọc Yến,Phát triển sản phẩm,Giám đốc bộ phận,10/10/2021,2
337990,Đỗ Ngọc Hương,Phát triển sản phẩm,Trưởng nhóm,16/12/2024,2
860460,Hoàng Ngọc Tuấn,Kinh doanh,Nhân viên,8/6/2024,12
643120,Phan Thị Hải,Kế toán,Giám đốc bộ phận,10/4/2025,0
721250,Đỗ Hữu Tuấn,Kinh doanh,Trưởng nhóm,28/5/2019,14
231976,Bùi Minh Dũng,Sản xuất,Trưởng nhóm,8/4/2016,11
870466,Hoàng Kim Sơn,Sản xuất,Nhân viên,9/8/2024,7
900269,Nguyễn Quốc Long,Phân phối,Nhân viên,8/6/2023,2
637995,Phạm Văn Hương,Phát triển sản phẩm,Giám sát,7/11/2019,14
401662,Vũ Hữu Hương,Phát triển sản phẩm,Nhân viên,10/1/2024,6
631096,Phạm Hữu Thành,Kinh doanh,Nhân viên,4/10/2022,8
943987,Vũ Đức Dũng,Nhân sự,Trưởng nhóm,10/12/2017,2
187667,Đỗ Kim Khánh,Phân phối,Nhân viên,10/5/2023,12
615297,Đặng Văn Ngân,Kinh doanh,Quản lý,25/3/2022,7
402480,Nguyễn Kim Linh,Phân phối,Quản lý,4/4/2017,9
530824,Đỗ Thanh Hải,Kế toán,Quản lý,10/7/2018,6
681980,Đặng Ngọc Trang,Kế toán,Giám sát,16/4/2022,11
458411,Đặng Hữu Châu,Sản xuất,Trưởng nhóm,19/6/2017,10
752718,Đỗ Văn Quân,Sản xuất,Nhân viên,6/9/2021,8
912466,Vũ Thanh Hà,Kế toán,Nhân viên,2/2/2019,6
582273,Trần Quốc Linh,Phân phối,Giám sát,6/3/2020,11
591030,Hoàng Ngọc An,Nhân sự,Nhân viên,24/8/2022,3
368988,Bùi Văn Thảo,Phân phối,Nhân viên,3/7/2021,5
457294,Phan Quốc Trang,Phân phối,Giám đốc bộ phận,6/10/2016,5
991414,Lê Xuân Hằng,Kinh doanh,Trưởng nhóm,26/3/2020,3
187199,Trần Quốc Sơn,Phát triển sản phẩm,Trưởng nhóm,19/10/2021,14
874925,Phạm Thị Khánh,Sản xuất,Quản lý,15/6/2020,1
416271,Phạm Quốc Trang,Phát triển sản phẩm,Quản lý,19/3/2024,9
698286,Bùi Văn Hiếu,Kinh doanh,Trưởng nhóm,31/3/2019,7
221422,Hoàng Văn Nam,Phát triển sản phẩm,Giám sát,18/7/2015,13
681874,Đỗ Văn Yến,Sản xuất,Giám đốc bộ phận,18/11/2020,14
871191,Đỗ Ngọc Thành,Kế toán,Quản lý,23/7/2018,13
259249,Trần Văn Nam,Kinh doanh,Giám đốc bộ phận,2/5/2018,3
100908,Đặng Xuân Sơn,Phân phối,Quản lý,11/12/2023,15
286423,Phan Xuân Nga,Nhân sự,Giám sát,20/8/2023,7
796650,Hoàng Kim Sơn,Phân phối,Nhân viên,25/12/2017,7
395205,Đặng Quốc Vy,Sản xuất,Trưởng nhóm,8/6/2020,7
479381,Bùi Ngọc Tú,Kế toán,Trưởng nhóm,11/6/2022,9
668692,Bùi Quốc Yến,Sản xuất,Trưởng nhóm,29/10/2019,15
864118,Hoàng Thanh An,Phân phối,Nhân viên,25/5/2018,10
760141,Trần Đức Hương,Phát triển sản phẩm,Giám sát,8/11/2022,12
713444,Phan Đức Khánh,Phát triển sản phẩm,Nhân viên,3/8/2018,7
840676,Đỗ Ngọc Nam,Phát triển sản phẩm,Trưởng nhóm,20/3/2021,8
116158,Bùi Xuân Trung,Phát triển sản phẩm,Trưởng nhóm,19/8/2020,4
280177,Bùi Ngọc Hằng,Kế toán,Nhân viên,30/6/2019,4
825414,Phạm Xuân Châu,Kinh doanh,Giám đốc bộ phận,29/8/2020,8
199632,Lê Ngọc Dũng,Nhân sự,Trưởng nhóm,21/11/2017,6
589140,Vũ Kim Hiếu,Nhân sự,Quản lý,11/7/2020,7
897632,Lê Xuân Dũng,Phát triển sản phẩm,Trưởng nhóm,1/1/2023,9
604765,Phạm Hữu Tâm,Phân phối,Quản lý,17/5/2016,5
825098,Đặng Xuân An,Kế toán,Trưởng nhóm,4/6/2023,0
805600,Phạm Quốc Phong,Phân phối,Quản lý,10/7/2016,10
220327,Vũ Hữu Ngân,Sản xuất,Trưởng nhóm,4/9/2018,9
653860,Trần Hữu Bình,Sản xuất,Nhân viên,3/12/2019,2
610547,Nguyễn Kim Ngân,Kế toán,Giám sát,21/11/2015,3
171450,Lê Ngọc Sơn,Sản xuất,Nhân viên,27/2/2018,2
120111,Phạm Quốc Linh,Kinh doanh,Quản lý,10/11/2017,4
832512,Phan Ngọc Phong,Sản xuất,Quản lý,4/7/2019,1
469488,Đặng Quốc Tâm,Nhân sự,Giám đốc bộ phận,7/10/2021,4
747768,Nguyễn Đức Vy,Nhân sự,Giám đốc bộ phận,23/5/2020,2
685247,Đặng Văn Nga,Nhân sự,Giám đốc bộ phận,31/7/2019,4
402005,Bùi Quốc Trang,Phân phối,Giám sát,3/5/2024,15
532154,Lê Hữu Thảo,Kế toán,Giám đốc bộ phận,23/5/2019,8
668890,Trần Thanh Tâm,Phân phối,Trưởng nhóm,8/7/2021,13
377501,Trần Thị Hà,Kế toán,Quản lý,8/7/2022,8
154184,Đặng Kim Hiếu,Kinh doanh,Quản lý,14/8/2021,9
497486,Phạm Minh Ngân,Nhân sự,Trưởng nhóm,2/1/2020,10
941659,Phạm Đức Hiếu,Kinh doanh,Giám đốc bộ phận,4/3/2017,13
264953,Phạm Xuân Ngân,Sản xuất,Trưởng nhóm,6/9/2016,8
729173,Đỗ Thị Nam,Kinh doanh,Giám sát,10/6/2018,4
862673,Phạm Hữu Yến,Sản xuất,Nhân viên,10/8/2022,9
824299,Hoàng Thanh Vy,Phát triển sản phẩm,Giám đốc bộ phận,10/7/2015,7
399354,Phan Kim Yến,Sản xuất,Giám sát,26/10/2015,5
232338,Phan Quốc Hằng,Kinh doanh,Quản lý,7/10/2018,6
228913,Đặng Thị Long,Kinh doanh,Quản lý,23/4/2021,3
455814,Lê Minh Hương,Sản xuất,Giám sát,9/9/2022,8
427686,Lê Ngọc Hương,Sản xuất,Quản lý,29/11/2024,9
132760,Đỗ Quốc Hà,Phân phối,Giám đốc bộ phận,10/11/2021,0
321900,Phan Thanh Hà,Sản xuất,Trưởng nhóm,27/10/2016,3
171642,Đặng Văn Trung,Kế toán,Trưởng nhóm,5/11/2019,3
426234,Trần Thanh Trung,Nhân sự,Giám đốc bộ phận,24/3/2025,7
332348,Hoàng Ngọc Tú,Sản xuất,Trưởng nhóm,17/9/2018,8
371878,Đỗ Quốc Hằng,Phân phối,Trưởng nhóm,18/8/2016,3
475437,Trần Ngọc Long,Kinh doanh,Quản lý,14/5/2016,13
157526,Phạm Hữu Hương,Kinh doanh,Trưởng nhóm,20/9/2019,12
866296,Phan Quốc Lan,Nhân sự,Quản lý,16/4/2020,3
521785,Đặng Minh Tú,Phân phối,Quản lý,14/8/2019,11
283810,Phan Kim Bình,Kinh doanh,Giám đốc bộ phận,11/4/2023,2
418935,Phan Văn Trang,Nhân sự,Trưởng nhóm,22/2/2021,13
466290,Phạm Hữu Hương,Phát triển sản phẩm,Nhân viên,14/9/2020,7
582880,Bùi Văn Nam,Nhân sự,Giám sát,7/2/2024,13
877199,Vũ Hữu Hương,Phát triển sản phẩm,Giám đốc bộ phận,3/1/2024,7
995846,Đỗ Thanh Nga,Phân phối,Trưởng nhóm,1/5/2022,15
298580,Đỗ Kim Quân,Nhân sự,Trưởng nhóm,18/2/2025,5
505865,Vũ Văn Tâm,Kinh doanh,Giám đốc bộ phận,12/6/2019,4
787374,Trần Thanh Yến,Phân phối,Quản lý,14/11/2016,2
610571,Đỗ Ngọc Nga,Nhân sự,Giám đốc bộ phận,9/2/2024,5
349662,Phan Hữu Nam,Sản xuất,Giám sát,9/6/2024,3
936345,Đặng Đức Trung,Nhân sự,Trưởng nhóm,15/11/2018,1
599390,Vũ Đức Bình,Nhân sự,Giám đốc bộ phận,17/7/2020,3
726412,Phan Minh Yến,Phát triển sản phẩm,Giám đốc bộ phận,28/9/2019,0
137490,Đặng Hữu Thảo,Sản xuất,Giám đốc bộ phận,9/11/2017,4
797432,Phan Thanh Yến,Sản xuất,Trưởng nhóm,8/10/2021,9
437613,Đỗ Xuân Yến,Kinh doanh,Quản lý,2/1/2021,0
840610,Vũ Quốc Hoa,Phát triển sản phẩm,Quản lý,5/5/2017,6
640068,Phan Minh Bình,Kế toán,Giám đốc bộ phận,16/2/2024,3
462128,Bùi Quốc Yến,Phân phối,Trưởng nhóm,30/3/2024,15
582513,Trần Văn Tuấn,Nhân sự,Giám sát,11/10/2021,5
899589,Lê Hữu Phong,Phát triển sản phẩm,Giám sát,4/2/2021,13
652919,Phan Thanh Yến,Nhân sự,Giám sát,16/3/2024,9
712491,Vũ Ngọc Phong,Phát triển sản phẩm,Quản lý,14/7/2018,6
297514,Lê Ngọc An,Nhân sự,Quản lý,26/7/2017,2
406719,Phan Xuân Hoa,Kinh doanh,Quản lý,19/11/2018,1
167630,Đặng Thanh Hải,Sản xuất,Giám đốc bộ phận,4/12/2023,11
449093,Hoàng Thị Bình,Phát triển sản phẩm,Giám đốc bộ phận,5/5/2025,15
852017,Lê Minh Thành,Nhân sự,Giám đốc bộ phận,22/12/2024,4
870658,Đỗ Thị Long,Nhân sự,Giám đốc bộ phận,1/12/2023,0
552453,Nguyễn Thanh Tú,Kế toán,Quản lý,27/2/2025,11
485894,Phan Ngọc Ngân,Kế toán,Trưởng nhóm,15/7/2024,7
904305,Hoàng Xuân Nam,Nhân sự,Giám đốc bộ phận,11/9/2017,1
783946,Nguyễn Ngọc Nam,Kế toán,Giám sát,12/1/2025,10
804930,Phạm Hữu Hằng,Kinh doanh,Nhân viên,30/5/2016,4
101883,Lê Văn Nam,Nhân sự,Trưởng nhóm,24/1/2017,3
125553,Bùi Văn Ngân,Kế toán,Giám đốc bộ phận,24/11/2018,6
549743,Hoàng Quốc Long,Phát triển sản phẩm,Quản lý,13/6/2022,3
307250,Phan Văn Thảo,Sản xuất,Nhân viên,8/10/2024,11
658030,Vũ Đức Linh,Phân phối,Nhân viên,25/10/2024,0
343007,Phạm Thị Sơn,Nhân sự,Giám sát,22/9/2022,2
978508,Trần Văn Yến,Sản xuất,Giám sát,11/12/2016,15
803426,Phạm Minh Châu,Phân phối,Quản lý,27/3/2019,8
273102,Phan Đức Hương,Kế toán,Trưởng nhóm,25/11/2023,13
496522,Hoàng Thanh Châu,Kế toán,Trưởng nhóm,24/4/2016,4
314747,Nguyễn Xuân Tâm,Nhân sự,Giám sát,21/6/2025,14
598678,Nguyễn Xuân Lan,Kinh doanh,Giám đốc bộ phận,23/8/2016,9
801062,Đỗ Đức Vy,Kế toán,Quản lý,20/1/2018,0
685328,Phạm Minh Hà,Phát triển sản phẩm,Nhân viên,7/5/2024,14
316902,Lê Văn Nga,Nhân sự,Nhân viên,15/4/2023,11
693527,Bùi Đức Châu,Kinh doanh,Giám đốc bộ phận,17/3/2025,1
638683,Đặng Xuân Long,Kinh doanh,Giám sát,29/11/2024,3
107092,Lê Đức Sơn,Phân phối,Giám sát,7/1/2019,9
859357,Phạm Đức Lan,Phân phối,Trưởng nhóm,21/12/2021,7
514438,Nguyễn Kim Dũng,Phân phối,Quản lý,6/10/2021,12
519578,Bùi Xuân Bình,Nhân sự,Nhân viên,9/11/2021,7
859463,Vũ Ngọc Hải,Phát triển sản phẩm,Nhân viên,26/10/2016,7
808071,Nguyễn Quốc An,Kinh doanh,Giám sát,1/12/2021,14
476540,Đặng Xuân Sơn,Sản xuất,Giám sát,7/9/2017,10
623702,Phạm Quốc Lan,Nhân sự,Giám sát,22/5/2023,3
311281,Bùi Thanh Linh,Phân phối,Nhân viên,26/4/2016,10
768108,Đặng Đức Hà,Sản xuất,Quản lý,19/10/2022,5
480100,Vũ Minh Linh,Kinh doanh,Nhân viên,15/4/2020,15
225508,Nguyễn Văn Bình,Phân phối,Giám sát,5/3/2024,13
942141,Phạm Ngọc Thành,Phát triển sản phẩm,Quản lý,19/6/2022,5
481669,Lê Thị Hằng,Kế toán,Trưởng nhóm,14/6/2019,11
347948,Trần Thanh Ngân,Kế toán,Nhân viên,14/6/2019,6
240755,Đặng Hữu Tuấn,Nhân sự,Quản lý,30/3/2020,2
476441,Trần Văn Hải,Phân phối,Giám đốc bộ phận,28/7/2022,13
346062,Hoàng Đức Châu,Kinh doanh,Nhân viên,26/12/2020,11
239172,Lê Thị Tâm,Kế toán,Quản lý,23/2/2020,1
830855,Phạm Văn Hà,Phân phối,Giám sát,17/3/2018,14
548828,Phan Thị Nga,Nhân sự,Trưởng nhóm,22/8/2020,5
736165,Vũ Hữu Thảo,Phân phối,Nhân viên,16/1/2023,2
108906,Phan Hữu Quân,Kế toán,Giám sát,1/2/2024,14
444488,Lê Thị An,Nhân sự,Giám đốc bộ phận,15/8/2020,12
539189,Phan Xuân Bình,Nhân sự,Trưởng nhóm,26/12/2016,1
124308,Nguyễn Thanh Tú,Phát triển sản phẩm,Giám đốc bộ phận,16/8/2019,3
521956,Phan Kim Hằng,Kinh doanh,Nhân viên,1/12/2018,0
369083,Phạm Minh Sơn,Phân phối,Trưởng nhóm,27/11/2022,2
369288,Bùi Kim Châu,Kế toán,Quản lý,21/3/2023,6
581722,Bùi Xuân Ngân,Nhân sự,Giám đốc bộ phận,27/1/2018,7
260857,Bùi Thị Yến,Phân phối,Quản lý,15/8/2020,7
409693,Phạm Xuân Quân,Kinh doanh,Trưởng nhóm,22/1/2021,12
530254,Đỗ Minh Tâm,Phát triển sản phẩm,Giám sát,16/5/2025,1
191903,Trần Quốc Yến,Nhân sự,Giám đốc bộ phận,24/1/2019,11
644861,Trần Kim Trung,Phân phối,Nhân viên,18/1/2023,10
941800,Hoàng Hữu Hoa,Nhân sự,Quản lý,25/5/2018,4
235775,Vũ Đức Linh,Kinh doanh,Trưởng nhóm,23/6/2016,13
966932,Phan Đức Nga,Phân phối,Trưởng nhóm,23/3/2022,15
146008,Phan Thị Tú,Kế toán,Giám sát,6/4/2018,2
783836,Trần Quốc Vy,Kinh doanh,Giám đốc bộ phận,31/3/2017,15
494271,Đỗ Hữu Hải,Phân phối,Giám sát,19/9/2021,6
973257,Đặng Xuân Khánh,Kinh doanh,Quản lý,15/10/2023,11
774085,Đỗ Minh Hà,Kinh doanh,Giám sát,26/5/2017,4
858909,Đặng Đức Sơn,Kế toán,Trưởng nhóm,20/9/2023,12
162163,Lê Ngọc Linh,Kinh doanh,Giám sát,18/10/2022,2
583322,Trần Hữu Dũng,Nhân sự,Giám đốc bộ phận,29/11/2021,13
224575,Hoàng Xuân Hiếu,Kế toán,Nhân viên,21/8/2016,10
576787,Vũ Quốc Thảo,Nhân sự,Giám đốc bộ phận,16/10/2015,2
135992,Hoàng Ngọc Trang,Nhân sự,Nhân viên,1/2/2023,3
616916,Trần Minh Trung,Kế toán,Nhân viên,13/12/2019,9
523987,Vũ Quốc Tú,Kế toán,Giám đốc bộ phận,13/9/2021,9
979960,Đỗ Minh Tuấn,Sản xuất,Giám đốc bộ phận,16/9/2021,8
133544,Đỗ Kim Hà,Kế toán,Giám đốc bộ phận,7/3/2022,7
793232,Bùi Kim Trang,Phân phối,Nhân viên,8/8/2018,6
417073,Hoàng Kim Thành,Nhân sự,Quản lý,13/9/2018,14
598819,Nguyễn Xuân Linh,Nhân sự,Nhân viên,16/12/2017,1
609651,Hoàng Thanh Sơn,Nhân sự,Quản lý,4/2/2020,12
129956,Nguyễn Quốc Thảo,Phát triển sản phẩm,Giám sát,10/9/2016,7
667197,Hoàng Văn Hằng,Sản xuất,Quản lý,8/8/2018,12
165996,Vũ Ngọc Phong,Kinh doanh,Giám sát,1/10/2022,0
571350,Trần Thị Hiếu,Sản xuất,Giám đốc bộ phận,16/8/2020,9
947137,Nguyễn Kim Bình,Kế toán,Giám đốc bộ phận,19/4/2024,8
591540,Hoàng Thị Dũng,Sản xuất,Quản lý,19/2/2021,2
830497,Phan Ngọc Ngân,Kinh doanh,Trưởng nhóm,6/8/2024,9
325883,Nguyễn Kim Châu,Sản xuất,Quản lý,21/11/2016,7
105946,Đỗ Đức Hiếu,Phát triển sản phẩm,Trưởng nhóm,9/11/2015,14
744762,Trần Văn Khánh,Kinh doanh,Giám sát,1/2/2025,12
692047,Phạm Văn Ngân,Kinh doanh,Nhân viên,15/9/2021,8
228085,Phạm Thị Châu,Kế toán,Quản lý,26/8/2019,3
979466,Phan Quốc Tuấn,Phân phối,Giám sát,27/6/2022,12
972202,Bùi Kim Trang,Kế toán,Quản lý,24/8/2020,6
743895,Phạm Văn Hoa,Nhân sự,Trưởng nhóm,11/9/2017,11
852503,Lê Minh Sơn,Phân phối,Trưởng nhóm,7/7/2021,9
463980,Đặng Minh Phong,Phát triển sản phẩm,Giám sát,4/9/2020,6
540257,Trần Minh Lan,Nhân sự,Giám đốc bộ phận,21/12/2020,0
352894,Vũ Kim Thành,Phát triển sản phẩm,Nhân viên,23/2/2023,14
265713,Bùi Quốc Long,Nhân sự,Trưởng nhóm,21/6/2019,6
746109,Đỗ Ngọc Trung,Kinh doanh,Nhân viên,16/3/2016,10
336051,Nguyễn Xuân Ngân,Phân phối,Nhân viên,11/4/2017,3
309674,Phan Thị Hoa,Nhân sự,Trưởng nhóm,4/6/2020,6
406329,Nguyễn Hữu Vy,Phát triển sản phẩm,Quản lý,3/5/2019,12
604092,Bùi Văn Thảo,Phân phối,Quản lý,8/11/2016,15
250793,Nguyễn Xuân Yến,Nhân sự,Giám sát,12/9/2022,3
215979,Hoàng Đức Thảo,Phát triển sản phẩm,Nhân viên,19/6/2023,13
726527,Vũ Kim Hằng,Kế toán,Quản lý,11/8/2018,8
821038,Lê Quốc Linh,Nhân sự,Quản lý,8/1/2018,5
274185,Hoàng Kim Dũng,Nhân sự,Quản lý,2/4/2021,6
583913,Đặng Thanh Hương,Nhân sự,Nhân viên,21/9/2023,5
311464,Đặng Đức Phong,Kế toán,Quản lý,18/7/2020,1
716358,Phạm Xuân Bình,Phân phối,Nhân viên,30/12/2015,8
380380,Nguyễn Quốc Thảo,Phát triển sản phẩm,Giám sát,2/2/2022,10
658405,Bùi Thị Yến,Phân phối,Quản lý,16/6/2024,13
500297,Lê Thị Nga,Sản xuất,Trưởng nhóm,3/4/2019,7
999970,Vũ Thanh Tuấn,Kế toán,Quản lý,19/9/2017,2
100452,Trần Quốc Thảo,Kế toán,Trưởng nhóm,17/9/2022,11
642268,Đặng Thị Yến,Phân phối,Quản lý,1/1/2019,11
696629,Trần Thị Thảo,Nhân sự,Trưởng nhóm,21/7/2015,0
618771,Lê Văn Thảo,Nhân sự,Nhân viên,2/1/2017,14
853310,Phạm Xuân Tú,Kinh doanh,Giám sát,26/9/2021,6
605351,Phan Xuân Hằng,Nhân sự,Giám sát,15/7/2024,13
196721,Phạm Kim Hoa,Nhân sự,Giám đốc bộ phận,19/10/2020,13
282142,Lê Văn Nam,Nhân sự,Giám sát,8/4/2024,7
350436,Phạm Ngọc Hoa,Phân phối,Nhân viên,18/9/2016,4
866738,Phan Thanh Trang,Nhân sự,Giám sát,11/10/2023,13
100790,Nguyễn Thị Ngân,Sản xuất,Giám sát,12/8/2020,7
574069,Phan Hữu Tâm,Nhân sự,Nhân viên,27/6/2015,1
613604,Đặng Ngọc Vy,Phát triển sản phẩm,Trưởng nhóm,22/7/2021,0
529979,Phan Minh Trang,Phân phối,Trưởng nhóm,29/3/2024,3
309118,Phan Kim Yến,Kế toán,Nhân viên,24/5/2016,0
539768,Bùi Đức Hải,Phân phối,Giám sát,11/2/2020,11
517581,Vũ Quốc Hoa,Phân phối,Quản lý,13/8/2020,1
981560,Hoàng Hữu Hương,Nhân sự,Giám đốc bộ phận,18/7/2015,9
653256,Vũ Kim Nga,Sản xuất,Quản lý,20/12/2016,3
481063,Hoàng Xuân Lan,Phân phối,Trưởng nhóm,11/2/2019,12
695868,Nguyễn Thị Hằng,Phân phối,Giám đốc bộ phận,22/4/2021,5
484797,Phạm Văn Hải,Phân phối,Nhân viên,16/6/2024,15
952208,Hoàng Xuân Linh,Phát triển sản phẩm,Giám đốc bộ phận,30/3/2019,6
837042,Hoàng Kim Hoa,Sản xuất,Giám sát,28/6/2020,3
399459,Trần Kim Nam,Nhân sự,Nhân viên,3/12/2020,7
310353,Nguyễn Quốc Phong,Kinh doanh,Giám đốc bộ phận,15/5/2020,14
157427,Vũ Quốc Sơn,Kinh doanh,Nhân viên,7/10/2018,11
136298,Nguyễn Minh Thảo,Nhân sự,Trưởng nhóm,6/10/2023,5
455948,Phạm Hữu Tuấn,Nhân sự,Trưởng nhóm,2/2/2020,1
927699,Đỗ Thanh Yến,Phân phối,Nhân viên,31/10/2017,7
987132,Trần Kim Lan,Kế toán,Quản lý,14/6/2024,8
980442,Phan Thanh Tuấn,Phát triển sản phẩm,Giám sát,14/7/2023,9
889862,Lê Thị Yến,Phát triển sản phẩm,Trưởng nhóm,23/3/2022,3
643088,Đặng Kim Hà,Phát triển sản phẩm,Giám đốc bộ phận,25/7/2021,0
537495,Đặng Văn Hương,Phân phối,Giám đốc bộ phận,26/10/2020,15
558507,Phan Xuân Vy,Kế toán,Trưởng nhóm,26/10/2023,7
650072,Đỗ Quốc Hoa,Phát triển sản phẩm,Giám đốc bộ phận,21/3/2021,11
103325,Đặng Xuân Trung,Kinh doanh,Giám sát,29/11/2015,13
659165,Phan Quốc Dũng,Kế toán,Giám sát,23/3/2021,15
638541,Phạm Xuân Dũng,Sản xuất,Giám sát,3/6/2016,12
640526,Hoàng Xuân Quân,Sản xuất,Nhân viên,6/8/2022,11
823567,Hoàng Ngọc An,Nhân sự,Nhân viên,6/3/2022,4
128264,Hoàng Ngọc Châu,Kinh doanh,Trưởng nhóm,22/1/2019,4
121920,Bùi Văn Bình,Kế toán,Quản lý,17/6/2017,15
192706,Đỗ Xuân Thành,Kinh doanh,Giám đốc bộ phận,6/3/2023,13
264373,Lê Quốc Yến,Phát triển sản phẩm,Trưởng nhóm,8/6/2019,2
324084,Vũ Thị Thành,Nhân sự,Trưởng nhóm,10/7/2016,1
328463,Hoàng Đức Bình,Phát triển sản phẩm,Giám đốc bộ phận,15/4/2025,10
471856,Phan Minh Vy,Phát triển sản phẩm,Quản lý,7/9/2023,9
578750,Bùi Quốc Phong,Sản xuất,Giám sát,11/11/2017,13
959640,Phạm Minh Yến,Kế toán,Giám sát,4/10/2019,8
708320,Nguyễn Văn Phong,Kinh doanh,Quản lý,5/1/2016,1
596991,Đặng Văn Nam,Kế toán,Trưởng nhóm,17/7/2016,12
560633,Đặng Đức Sơn,Phát triển sản phẩm,Quản lý,15/5/2022,12
123147,Đỗ Minh Tâm,Kinh doanh,Giám sát,29/5/2017,7
625945,Phan Hữu An,Phân phối,Trưởng nhóm,16/7/2015,5
690201,Đặng Văn Thảo,Phát triển sản phẩm,Nhân viên,30/9/2021,13
721100,Hoàng Thanh Thành,Kế toán,Trưởng nhóm,10/1/2021,3
194205,Phan Văn Hà,Kinh doanh,Quản lý,5/11/2018,13
916105,Phan Kim Trang,Sản xuất,Giám đốc bộ phận,28/12/2024,6
817584,Vũ Hữu Hằng,Phát triển sản phẩm,Nhân viên,10/9/2018,1
921514,Nguyễn Văn Long,Phân phối,Quản lý,31/12/2015,5
833328,Trần Văn Thảo,Phân phối,Nhân viên,16/2/2021,15
439501,Lê Minh Vy,Nhân sự,Trưởng nhóm,23/10/2022,12
777113,Bùi Quốc Hiếu,Kinh doanh,Quản lý,9/6/2018,10
162740,Đỗ Quốc Hằng,Kinh doanh,Quản lý,10/4/2023,5
211092,Trần Đức Tâm,Phát triển sản phẩm,Giám đốc bộ phận,11/5/2024,15
636913,Trần Thị Hiếu,Phân phối,Trưởng nhóm,8/9/2022,11
937037,Nguyễn Xuân Quân,Kinh doanh,Giám đốc bộ phận,27/9/2023,8
303898,Phan Thị An,Phát triển sản phẩm,Trưởng nhóm,28/6/2020,6
268001,Đặng Xuân Long,Nhân sự,Nhân viên,6/3/2024,15
448483,Phạm Hữu Thành,Sản xuất,Trưởng nhóm,17/6/2022,9
983514,Đặng Thị Thành,Kế toán,Giám đốc bộ phận,24/7/2016,6
146417,Vũ Đức Nga,Kế toán,Nhân viên,24/10/2022,6
407158,Trần Minh Thảo,Sản xuất,Trưởng nhóm,21/4/2023,6
901091,Vũ Đức Nam,Phân phối,Giám sát,16/11/2019,5
428060,Phan Đức Bình,Phân phối,Quản lý,6/6/2021,4
885840,Trần Đức Vy,Kế toán,Quản lý,12/7/2018,13
217852,Hoàng Kim Châu,Nhân sự,Trưởng nhóm,28/3/2019,15
822341,Lê Kim Ngân,Phát triển sản phẩm,Quản lý,30/10/2016,15
242541,Nguyễn Minh Dũng,Phân phối,Quản lý,10/3/2021,6
841414,Phạm Đức Khánh,Nhân sự,Giám đốc bộ phận,23/6/2023,14
450427,Đặng Ngọc Ngân,Kinh doanh,Giám sát,8/4/2018,4
869425,Trần Thị Thành,Phân phối,Giám sát,14/5/2019,0
293144,Hoàng Thị Hoa,Sản xuất,Trưởng nhóm,13/11/2018,9
142120,Trần Đức Tú,Nhân sự,Giám đốc bộ phận,26/7/2021,13
749194,Đặng Đức Yến,Kinh doanh,Giám sát,12/3/2025,13
976004,Nguyễn Ngọc Tuấn,Kinh doanh,Giám đốc bộ phận,7/10/2024,3
468804,Nguyễn Minh Yến,Sản xuất,Nhân viên,8/8/2023,5
829467,Trần Đức Quân,Kế toán,Nhân viên,15/2/2024,13
712292,Đỗ Xuân Thành,Kế toán,Quản lý,11/12/2019,14
760954,Nguyễn Kim Trung,Phân phối,Quản lý,6/5/2023,15
614077,Hoàng Đức Tú,Kế toán,Giám đốc bộ phận,25/1/2017,7
956753,Phan Đức Hiếu,Sản xuất,Nhân viên,16/9/2023,0
690635,Phan Ngọc Linh,Kế toán,Giám đốc bộ phận,15/9/2017,2
660324,Đỗ Quốc Hằng,Kế toán,Giám sát,1/4/2020,0
848673,Hoàng Văn Thành,Phân phối,Nhân viên,12/11/2021,3
946835,Lê Đức Tuấn,Phát triển sản phẩm,Quản lý,29/5/2025,6
570094,Phan Xuân An,Phát triển sản phẩm,Trưởng nhóm,30/1/2016,9
446787,Nguyễn Thanh Hoa,Nhân sự,Trưởng nhóm,2/1/2021,4
447760,Vũ Văn Nam,Kế toán,Nhân viên,18/9/2024,2
332562,Phạm Minh Nga,Sản xuất,Trưởng nhóm,12/3/2020,8
864404,Phan Minh Dũng,Sản xuất,Giám sát,10/5/2023,1
136226,Bùi Quốc Trang,Kinh doanh,Giám sát,16/6/2018,6
104118,Đặng Xuân Linh,Phát triển sản phẩm,Trưởng nhóm,19/8/2015,6
585417,Nguyễn Kim Nam,Phân phối,Giám sát,25/4/2017,9
618852,Bùi Ngọc An,Kế toán,Quản lý,20/3/2021,15
513222,Nguyễn Quốc Linh,Kinh doanh,Nhân viên,17/7/2019,11
583918,Phạm Thị Nga,Phân phối,Trưởng nhóm,24/3/2023,4
116286,Hoàng Hữu Vy,Phát triển sản phẩm,Giám sát,18/2/2019,4
103350,Lê Văn Trung,Phân phối,Trưởng nhóm,20/9/2024,15
465873,Hoàng Văn Tuấn,Kinh doanh,Giám đốc bộ phận,29/4/2024,9
379438,Bùi Thanh Lan,Kế toán,Quản lý,28/6/2021,15
787378,Trần Xuân Trang,Kế toán,Quản lý,21/4/2023,13
439483,Vũ Thanh Trung,Sản xuất,Giám sát,3/8/2020,11
645461,Lê Quốc Quân,Nhân sự,Nhân viên,20/3/2020,14
426416,Đặng Minh Trang,Phát triển sản phẩm,Nhân viên,15/7/2022,11
599779,Phan Văn Hoa,Phát triển sản phẩm,Giám sát,1/11/2021,3
600650,Trần Quốc Trung,Phân phối,Giám sát,17/2/2024,8
891418,Vũ Xuân Sơn,Kinh doanh,Trưởng nhóm,5/8/2020,6
950336,Vũ Ngọc Bình,Nhân sự,Giám đốc bộ phận,19/7/2018,13
272418,Phạm Kim Hoa,Kinh doanh,Trưởng nhóm,3/5/2022,1
364041,Phạm Kim Hiếu,Phân phối,Quản lý,7/5/2025,11
305436,Trần Đức Lan,Nhân sự,Giám đốc bộ phận,3/12/2016,15
475876,Trần Quốc Trang,Phân phối,Nhân viên,11/9/2018,1
672865,Trần Minh Trung,Kế toán,Quản lý,1/4/2017,0
744395,Phan Ngọc Tú,Phát triển sản phẩm,Nhân viên,2/3/2023,11
885788,Phạm Văn Thảo,Nhân sự,Giám đốc bộ phận,17/7/2023,14
758602,Đỗ Đức Quân,Phát triển sản phẩm,Giám sát,23/5/2025,15
506305,Phạm Thị Thảo,Kế toán,Giám đốc bộ phận,16/10/2022,8
940202,Phạm Thanh Tâm,Phân phối,Giám sát,1/12/2024,1
120764,Đặng Thanh Nam,Kế toán,Nhân viên,16/2/2017,4
596957,Hoàng Kim Lan,Phân phối,Quản lý,30/11/2015,2
590303,Đỗ Văn Ngân,Phát triển sản phẩm,Nhân viên,19/10/2017,3
952898,Hoàng Minh Thành,Phân phối,Trưởng nhóm,4/7/2017,13
517240,Nguyễn Minh Lan,Kinh doanh,Trưởng nhóm,27/2/2023,5
849099,Nguyễn Quốc Hà,Nhân sự,Giám sát,28/6/2021,5
426446,Đỗ Văn Hằng,Sản xuất,Giám sát,15/1/2023,10
522446,Trần Kim An,Sản xuất,Giám đốc bộ phận,26/9/2022,6
314833,Hoàng Xuân Phong,Kế toán,Giám đốc bộ phận,10/11/2015,14
683746,Lê Thanh Long,Kinh doanh,Giám đốc bộ phận,7/8/2021,15
323521,Nguyễn Thị Lan,Kế toán,Giám đốc bộ phận,23/1/2016,2
887189,Phan Minh Dũng,Nhân sự,Nhân viên,20/10/2016,0
384516,Trần Minh Ngân,Kế toán,Nhân viên,4/3/2020,11
194662,Trần Quốc Vy,Kinh doanh,Quản lý,4/3/2017,4
450971,Bùi Kim Dũng,Kế toán,Quản lý,4/2/2021,3
921837,Hoàng Ngọc Trang,Sản xuất,Nhân viên,19/5/2020,10
566434,Bùi Đức Hà,Nhân sự,Quản lý,14/4/2018,5
266928,Trần Văn Tuấn,Kế toán,Giám đốc bộ phận,2/12/2021,3
934403,Bùi Thanh Quân,Kinh doanh,Quản lý,25/1/2021,11
902191,Đỗ Thị Linh,Kế toán,Giám sát,1/1/2025,0
114212,Lê Kim Châu,Kế toán,Trưởng nhóm,11/7/2015,11
372332,Đặng Quốc Thành,Sản xuất,Trưởng nhóm,26/1/2023,11
581823,Trần Văn Bình,Kinh doanh,Trưởng nhóm,10/1/2025,3
195466,Trần Quốc Nam,Nhân sự,Trưởng nhóm,14/5/2022,6
111637,Hoàng Minh An,Sản xuất,Giám sát,1/4/2022,10
717986,Hoàng Xuân Hương,Phát triển sản phẩm,Quản lý,14/1/2025,5
434251,Bùi Xuân Yến,Phân phối,Trưởng nhóm,9/7/2023,5
200133,Lê Văn Hà,Kinh doanh,Quản lý,8/3/2018,6
370012,Đỗ Minh Nam,Nhân sự,Trưởng nhóm,25/12/2023,8
846267,Đỗ Quốc Ngân,Phát triển sản phẩm,Nhân viên,26/5/2024,2
388808,Bùi Xuân Tú,Kế toán,Giám đốc bộ phận,24/1/2023,7
865274,Phan Thị Trang,Nhân sự,Giám đốc bộ phận,19/1/2022,12
781244,Lê Thanh Ngân,Nhân sự,Nhân viên,11/8/2021,15
570590,Bùi Kim Long,Nhân sự,Trưởng nhóm,17/6/2018,4
835287,Nguyễn Quốc Quân,Kinh doanh,Giám đốc bộ phận,30/3/2023,9
298612,Hoàng Quốc Sơn,Nhân sự,Giám sát,16/2/2017,5
246312,Đỗ Xuân Thảo,Phân phối,Trưởng nhóm,5/7/2015,6
312224,Vũ Đức Ngân,Nhân sự,Nhân viên,25/11/2015,11
223857,Đỗ Văn Linh,Kế toán,Giám sát,5/9/2017,4
523464,Đặng Thanh Hằng,Kế toán,Giám sát,9/4/2025,10
111640,Nguyễn Quốc Vy,Nhân sự,Trưởng nhóm,18/11/2022,14
406530,Nguyễn Kim Sơn,Kinh doanh,Giám sát,15/6/2017,12
590287,Đặng Hữu Nga,Kế toán,Trưởng nhóm,2/7/2022,14
882860,Đặng Kim Yến,Phát triển sản phẩm,Trưởng nhóm,13/7/2020,1
875363,Lê Ngọc Ngân,Phân phối,Trưởng nhóm,4/7/2022,11
593218,Phạm Minh Dũng,Nhân sự,Quản lý,12/10/2023,15
876099,Vũ Minh Châu,Nhân sự,Nhân viên,31/7/2019,10
180110,Vũ Ngọc Ngân,Sản xuất,Giám đốc bộ phận,1/12/2022,5
279067,Đặng Minh Châu,Kinh doanh,Quản lý,21/10/2015,3
324028,Phan Ngọc Khánh,Sản xuất,Giám sát,9/7/2017,0
310289,Bùi Thanh Nam,Sản xuất,Giám đốc bộ phận,25/4/2023,7
564309,Vũ Minh Hoa,Kinh doanh,Nhân viên,13/8/2023,0
157579,Hoàng Xuân Vy,Kế toán,Quản lý,17/3/2018,9
844211,Trần Thanh Hải,Kế toán,Giám đốc bộ phận,21/5/2016,5
699922,Nguyễn Minh Hoa,Kế toán,Nhân viên,28/10/2019,3
405615,Vũ Thanh Ngân,Kế toán,Nhân viên,31/12/2017,2
546850,Nguyễn Quốc Long,Phát triển sản phẩm,Giám đốc bộ phận,12/5/2020,13
401026,Phạm Ngọc Nga,Kế toán,Nhân viên,30/4/2020,9
964800,Lê Hữu Nam,Kinh doanh,Giám sát,24/2/2024,7
479804,Bùi Kim Khánh,Kinh doanh,Giám đốc bộ phận,26/3/2023,15
250949,Phạm Văn Thảo,Kế toán,Nhân viên,24/4/2018,12
815490,Hoàng Quốc Khánh,Kinh doanh,Trưởng nhóm,1/7/2020,13
593973,Trần Quốc Thành,Kinh doanh,Quản lý,23/11/2018,9
516374,Lê Minh Nga,Kế toán,Trưởng nhóm,24/11/2020,9
249076,Phan Xuân Trang,Phát triển sản phẩm,Quản lý,6/8/2023,13
471523,Trần Văn Ngân,Phân phối,Trưởng nhóm,3/6/2021,5
549796,Lê Văn Ngân,Kinh doanh,Nhân viên,25/4/2016,7
610413,Phạm Thanh Vy,Kế toán,Giám đốc bộ phận,15/9/2016,0
921912,Hoàng Ngọc Linh,Nhân sự,Giám sát,15/12/2019,7
988353,Bùi Văn Thảo,Kế toán,Nhân viên,1/9/2016,15
989402,Trần Đức Tú,Phân phối,Giám sát,23/9/2020,13
558082,Phan Văn Thảo,Nhân sự,Quản lý,25/9/2020,1
364721,Nguyễn Kim Nam,Sản xuất,Quản lý,13/8/2021,5
910379,Phan Thị Tâm,Nhân sự,Giám đốc bộ phận,25/12/2020,12
572547,Lê Kim Ngân,Kinh doanh,Quản lý,28/5/2025,10
844601,Bùi Đức Hải,Nhân sự,Giám sát,6/8/2018,5
292043,Hoàng Hữu Linh,Kinh doanh,Giám sát,12/11/2020,7
706657,Trần Thanh Thành,Phát triển sản phẩm,Nhân viên,5/3/2024,1
414936,Vũ Đức Tú,Kế toán,Nhân viên,24/11/2015,0
994452,Trần Thị Thảo,Kinh doanh,Trưởng nhóm,19/5/2020,13
397152,Trần Thị Nga,Phát triển sản phẩm,Trưởng nhóm,9/9/2016,14
875515,Đặng Ngọc Thảo,Sản xuất,Giám sát,10/12/2016,5
891337,Hoàng Thanh Thảo,Phân phối,Nhân viên,22/11/2024,6
475579,Bùi Minh Thành,Sản xuất,Quản lý,3/5/2024,14
784591,Hoàng Quốc Tuấn,Kinh doanh,Giám sát,24/8/2023,13
353605,Đặng Minh Khánh,Kế toán,Giám đốc bộ phận,18/3/2017,3
165763,Phạm Văn Châu,Kinh doanh,Giám đốc bộ phận,26/11/2015,3
870100,Hoàng Minh An,Kinh doanh,Trưởng nhóm,31/1/2024,15
796585,Đỗ Thanh Hiếu,Sản xuất,Giám sát,3/3/2019,6
728396,Phạm Minh Thảo,Phân phối,Quản lý,21/11/2024,12
245328,Hoàng Thanh Hằng,Sản xuất,Giám đốc bộ phận,14/10/2020,3
133071,Phan Thị Bình,Sản xuất,Giám đốc bộ phận,15/8/2023,15
980399,Phan Minh Nam,Sản xuất,Giám sát,26/3/2024,7
887313,Phạm Minh Hà,Kinh doanh,Giám đốc bộ phận,20/3/2021,5
792225,Phạm Ngọc Thảo,Nhân sự,Nhân viên,22/9/2023,13
730383,Bùi Xuân Hoa,Kinh doanh,Trưởng nhóm,16/6/2016,9
974419,Đỗ Thị Dũng,Phân phối,Giám đốc bộ phận,6/2/2025,5
935145,Hoàng Quốc Hằng,Nhân sự,Trưởng nhóm,23/3/2020,2
206648,Lê Xuân Trung,Nhân sự,Giám đốc bộ phận,3/8/2021,15
207658,Bùi Đức Thảo,Phát triển sản phẩm,Quản lý,5/12/2015,2
101760,Phan Đức Hải,Kế toán,Quản lý,19/5/2023,4
978786,Phan Kim Khánh,Nhân sự,Quản lý,9/3/2019,2
452620,Trần Thị Tuấn,Kinh doanh,Quản lý,19/12/2023,4
427453,Đặng Kim Thảo,Kinh doanh,Quản lý,24/3/2019,2
950666,Hoàng Đức Lan,Phát triển sản phẩm,Trưởng nhóm,9/12/2020,0
488545,Lê Minh Thảo,Phát triển sản phẩm,Quản lý,17/6/2020,7
627184,Đặng Ngọc Hoa,Phân phối,Giám sát,29/1/2021,10
593772,Nguyễn Minh Sơn,Kinh doanh,Giám sát,23/2/2020,13
237629,Phạm Kim Hải,Nhân sự,Giám đốc bộ phận,14/9/2018,6
991443,Trần Thanh Tú,Nhân sự,Nhân viên,30/12/2015,2
406882,Bùi Quốc Trang,Sản xuất,Nhân viên,3/2/2019,11
